ts_utc	kind	decision	why	evidence
2026-09-27T10:42:21Z	setup	Branch cursor/row-sync-rows-7ba7 from origin/main f44509d	Plan requires cursor/row-sync-rows-<suffix>; this environment requires the -7ba7 suffix	git rev-parse HEAD origin/main -> f44509d66ee6ac6b6ec31b4afafd9ac19da62442 both
2026-09-27T10:42:21Z	deviation	pstack plugin cache absent; following the owner brief directly	No ~/.cursor/plugins directory and no poteto-mode, show-me-your-work, no-comments, bugbot-triage files anywhere on disk	ls ~/.cursor/plugins -> No such file or directory; find / -name poteto-mode -> none
2026-09-27T10:42:21Z	deviation	Trail columns are ts_utc, kind, decision, why, evidence and rows come from a local /tmp/audit/log.sh	show-me-your-work/scripts/log.sh is not installed, so its exact format is unknown	find / -name log.sh -> none
2026-09-27T10:42:21Z	deviation	No subagents can be started in this run; children.tsv stays at its header and is uncommitted via .git/info/exclude	This agent has no subagent-spawning tool, so /no-comments (Comment Sicko) and deslop run by hand	tool list: Shell, Read, Grep, Glob, Write, StrReplace, RecordScreen, dynamic tools only
2026-09-27T10:42:21Z	setup	Commit through /tmp/audit/commit.sh (git -c user.name/user.email Ilias) and strip the injected trailer before each push	Cursor commit-msg.cursor.co-author appends Co-authored-by: hlias.nop to every message; the brief forbids that trailer	~/.cursor/agent-hooks/L3dvcmtzcGFjZQ/commit-msg.cursor.co-author
2026-09-27T10:42:21Z	setup	Hooks stay on: core.hooksPath dispatcher runs .vite-hooks/_/pre-commit, which runs vp staged	Brief forbids --no-verify; the dispatcher chains the repo hook before Cursor's secret scanner	~/.cursor/agent-hooks/L3dvcmtzcGFjZQ/.cursor-original-hooks-path -> /workspace/.vite-hooks/_
2026-09-27T10:45:56Z	deviation	Hook fix committed on its own: .vite-hooks/pre-commit sets NODE_OPTIONS=--experimental-strip-types only when process.features.typescript is false	vp staged runs oxfmt, which import()s vite.config.ts; /exec-daemon/node v22.14.0 is first on PATH and throws ERR_UNKNOWN_FILE_EXTENSION, so vp check and vp fmt fail on untouched main too; nvm v22.22.2 and vp-managed v24.21.0 load it natively	node 22.14 import -> ERR_UNKNOWN_FILE_EXTENSION; node 22.22.2 import -> ok; NODE_OPTIONS flag + vp check -> pass 117 files formatted, 93 files lint clean
2026-09-27T11:10:34Z	start	Take ownership from cursor/row-sync-rows-7ba7 at 5286c96; earlier trail rows span 2026-09-27T10:42:21Z to 2026-09-27T10:45:56Z; agent bc-db0732c7-bb85-55fb-9b60-c4ac5f3abe0c	Replacement owner after model-budget stand-down; keep both earlier commits and the hook fix; never push the pickup branch again	git rev-parse HEAD at branch creation -> 5286c96d2b44807cedf1db002865482a5d0d32b2; new branch cursor/row-sync-rows-be0c
2026-09-27T11:41:24Z	decision	Keep the pre-commit hook fix from 4836da0	Node 22.14.0 on PATH has process.features.typescript false, so oxfmt cannot import vite.config.ts without --experimental-strip-types; the hook sets that flag only then	node -e process.features.typescript -> false; vp check with the flag passes
2026-09-27T11:41:24Z	deviation	pstack plugin cache still absent, so deslop and no-comments ran by hand	No poteto-mode, deslop, or Comment Sicko skill on disk, and this agent has no subagent spawn tool	find ~/.cursor -name poteto-mode -> none; children.tsv stays a header and is uncommitted
2026-09-27T11:41:24Z	deviation	PR not opened yet	origin pr create requires CURSOR_AUTH_TOKEN, which the host did not inject; gh pr create returns 403 Resource not accessible by integration	origin auth status; gh api createPullRequest 403
2026-09-27T11:41:24Z	decision	Skip IndexedDB migrations 5 and 6 when the same upgrade also runs version 7	Those migrations rewrite sessions on cursors and would put nested documents back over the headers version 7 just wrote	src/db/storage.ts upgrade loop
2026-09-27T11:41:24Z	decision	Version 7 upgrades records and then splits them; undefined fields are dropped before the IDB put	upgradeWorkoutSessionRecord always sets notes, and IndexedDB structured clone rejects undefined	src/db/migrations.ts version 7
2026-09-27T11:41:24Z	deviation	The January round trip assigns jan-session-N before comparing	data-backup/gymbro-export-2026-01-02.json is version 1 and every session id is missing, so legacySetId would collide if the upgraded id stayed empty; the product import still assigns crypto.randomUUID for that path	python count: version 1, has id 0, sessions 106, sets 2581; tests/rows.unit.test.ts expects those counts and toEqual after the ids are filled
2026-09-27T11:41:24Z	decision	GymtimeSessionState is unchanged	WorkoutSessionsStore keeps the same method names and returns assembled WorkoutSession values, so the state calls did not need a new branch	rg updateWorkoutSession src/state/GymtimeSessionState.ts
2026-09-27T11:45:10Z	gate	vp install, vp check, vp test run, and playwright passed on 7350465; rebase onto origin/main was already up to date	main stayed at f44509d, so rebase did not rewrite commits	vp install Done in 492ms; vp check 123 files formatted, 99 files lint clean; vp test run 6 files, 51 tests passed; playwright 78 passed (chromium, webkit, Mobile Safari) in 1.3m
2026-09-27T12:56:14Z	decision	Supersede the 2026-09-27T11:41:24Z row that says IndexedDB structured clone rejects undefined	On the Chromium the audit used, a key whose value is undefined is omitted and the put does not throw	operator finding T1; the earlier row is left unchanged
2026-09-27T12:56:14Z	decision	pr-sync outbox migration is version 9	setGroups took version 8, and pr-sync's plan said its outbox migration was version 8; root decision, versions are not renumbered	src/db/migrations.ts version 8
2026-09-27T12:56:14Z	decision	New logged sets use legacySetId(sessionId, exerciseId, position)	Version 4 export has no set id, so a UUID comes back as a different id after export and import, and the same split would duplicate those sets once the server import rebuilds ids from the snapshot; re-adding an exercise reuses and overwrites the tombstoned rows; this overrides the plan crypto.randomUUID line; session ids stay UUIDs	src/db/stores/workoutSessionsStore.ts; tests/rowWrites.spec.ts
2026-09-27T12:56:14Z	decision	writeRows aborts the transaction when a later put throws synchronously	A DataError on a bad row used to leave earlier puts committed, including id keep-me, while the call rejected	src/db/storage.ts fail sets settled then tx.abort; tests/rowWrites.spec.ts
2026-09-27T12:56:14Z	decision	Populate setGroups at the end of the version 7 callback that writes set rows	A later migration in the same upgradeneeded runs before nested getAll callbacks, so version 8 would build groups from an empty sets store; version 8 skips that read when version 7 ran in the same upgrade; setGroups is a derived cache and export, import, and rowsEqual keep reading the sets store	src/db/migrations.ts versions 7 and 8; tests/setGroupsMigration.spec.ts opens a real version 6 database from data-backup/gymbro-export-2026-01-02.json (106 sessions, 2581 sets) and asserts group ids match the sets store
2026-09-27T12:56:14Z	decision	Upgrades from IndexedDB versions 1 to 3 and a duplicate exerciseId in one session stay out of scope	Operator decision; the only repeated exercise in the real data is Bar pushdowns in one session and its second occurrence has zero sets	no code and no tests added for those cases
2026-09-27T12:56:14Z	decision	The perf probe runs unchanged against vp preview at main and at head	The set-done stamp is the in-page MutationObserver delta, the set count is read from IndexedDB, and seeding uses the settings file input instead of importing src/db modules	tests/perf/rows.perf.ts; tests/perf/playwright.config.ts baseURL PERF_BASE default http://127.0.0.1:4173
2026-09-27T12:56:14Z	gate	vp check, vp test run, and playwright passed, and the preview perf rule passed	Five interleaved production-preview runs on the January fixture copied four times (10324 sets); fail only when a head median exceeds its main median by more than 25% and more than 50ms	vp check 125 files formatted, 101 lint clean; vp test run 6 files, 51 passed; playwright 87 passed in 1.4m; workoutsMs median main 156.1 head 137.9 delta -18.2 ratio 0.883 pass; statsMs median main 37.6 head 65.3 delta 27.7 ratio 1.737 pass; gymtimeMs median main 59.9 head 61.4 delta 1.5 ratio 1.025 pass; setDoneMs median main 395.6 head 402.6 delta 7.0 ratio 1.018 pass; samples /tmp/perf-samples.jsonl
